2024-11-07 12:30:35 +0300,Aleksey Myasnikov
2024-11-06 19:44:24 +0300,Aleksey Myasnikov
2024-11-06 10:35:32 +0300,Aleksey Myasnikov
2024-11-06 10:30:18 +0300,Aleksey Myasnikov
2024-10-22 19:23:47 +0300,Aleksey Myasnikov
2024-10-21 20:00:23 +0300,Aleksey Myasnikov
2024-10-21 19:15:19 +0300,Aleksey Myasnikov
2024-10-21 19:07:33 +0300,Aleksey Myasnikov
2024-10-08 14:16:03 +0300,Timofey Koolin
2024-10-08 14:11:01 +0300,Timofey Koolin
2024-09-03 15:24:59 +0300,Aleksey Myasnikov
2024-08-22 17:18:43 +0300,Aleksey Myasnikov
2024-08-22 16:32:53 +0300,Aleksey Myasnikov
2024-08-22 14:40:44 +0300,Aleksey Myasnikov
2024-08-20 15:30:23 +0300,Timofey Koolin
2024-08-20 15:24:42 +0300,Timofey Koolin
2024-08-19 15:26:51 +0300,Aleksey Myasnikov
2024-08-19 15:24:10 +0300,Aleksey Myasnikov
2024-08-19 15:14:24 +0300,Aleksey Myasnikov
2024-08-19 15:00:51 +0300,Aleksey Myasnikov
2024-08-06 12:37:41 +0300,Aleksey Myasnikov
2024-08-12 12:00:58 +0300,Aleksey Myasnikov
2024-08-12 11:49:46 +0300,Aleksey Myasnikov
2024-05-08 02:18:07 +0300,Aleksey Myasnikov
2024-05-07 23:26:32 +0300,Aleksey Myasnikov
2024-05-07 23:24:31 +0300,Aleksey Myasnikov
2024-05-07 23:22:53 +0300,Aleksey Myasnikov
2024-05-07 23:21:17 +0300,Aleksey Myasnikov
2024-05-07 23:20:47 +0300,Aleksey Myasnikov
2024-05-07 23:19:17 +0300,Aleksey Myasnikov
2024-05-07 23:18:07 +0300,Aleksey Myasnikov
2024-05-07 23:17:58 +0300,Aleksey Myasnikov
2024-05-07 23:17:06 +0300,Aleksey Myasnikov
2024-05-07 23:15:53 +0300,Aleksey Myasnikov
2024-05-07 23:15:41 +0300,Aleksey Myasnikov
2024-05-07 23:15:32 +0300,Aleksey Myasnikov
2024-05-07 23:11:52 +0300,Aleksey Myasnikov
2024-05-02 16:18:03 +0300,Roman Golov
2024-05-07 22:32:35 +0300,Aleksey Myasnikov
2024-05-07 22:31:52 +0300,Aleksey Myasnikov
2024-05-07 21:03:12 +0300,Roman Golov
2024-05-07 19:40:02 +0300,Aleksey Myasnikov
2024-05-07 14:34:20 +0300,Aleksey Myasnikov
2024-05-07 13:51:01 +0300,Aleksey Myasnikov
2024-05-06 19:18:25 +0200,Alexander Smirnov
2024-05-06 18:05:41 +0200,Alexander Smirnov
2024-04-23 15:39:48 +0300,Roman
2024-04-23 15:37:33 +0300,Roman Golov
2024-04-23 15:29:27 +0300,Roman Golov
2024-04-23 15:21:03 +0300,Roman Golov
2024-04-10 15:55:39 +0300,Roman
2024-04-10 15:53:29 +0300,Roman Golov
2024-04-09 21:25:09 +0300,Roman
2024-04-09 21:12:38 +0300,Roman Golov
2024-04-05 12:52:33 +0300,Aleksey Myasnikov
2024-04-05 12:50:38 +0300,Aleksey Myasnikov
2024-04-05 12:13:13 +0300,Aleksey Myasnikov
2024-04-05 11:42:49 +0300,Aleksey Myasnikov
2024-04-04 08:49:13 +0300,Aleksey Myasnikov
2024-04-03 23:34:56 +0300,Ivan
2024-03-26 16:28:11 +0300,Aleksey Myasnikov
2024-03-26 13:22:45 +0000,Oleg Shatov
2024-03-26 11:57:33 +0300,Aleksey Myasnikov
2024-03-20 19:58:39 +0300,Aleksey Myasnikov
2024-03-17 09:37:11 +0300,Aleksey Myasnikov
2024-03-17 09:25:28 +0300,Aleksey Myasnikov
2023-11-21 15:36:10 +0300,Aleksey Myasnikov
2023-11-20 16:06:30 +0300,Aleksey Myasnikov
2023-11-14 02:53:55 +0300,Aleksey Myasnikov
2023-11-14 02:50:45 +0300,Aleksey Myasnikov
2023-11-14 02:39:32 +0300,Aleksey Myasnikov
2023-11-14 02:36:04 +0300,Aleksey Myasnikov
2023-11-10 18:22:00 +0300,Aleksey Myasnikov
2023-06-08 15:20:50 +0300,Aleksey Myasnikov
2023-05-31 11:56:11 +0300,Aleksey Myasnikov
2023-01-24 17:40:22 +0300,asmyasnikov
2023-01-24 17:40:08 +0300,asmyasnikov
2023-01-19 14:44:37 +0300,asmyasnikov
2023-01-19 14:43:31 +0300,Aleksey Myasnikov
2023-01-19 14:11:46 +0300,asmyasnikov
2023-01-18 15:39:22 +0300,asmyasnikov
2023-01-18 12:37:34 +0300,asmyasnikov
2023-01-18 12:36:41 +0300,asmyasnikov
2023-01-18 12:36:15 +0300,asmyasnikov
2023-01-09 19:25:52 +0300,asmyasnikov
2022-12-27 15:19:16 +0300,asmyasnikov
2022-12-09 17:57:45 +0300,asmyasnikov
2022-12-06 11:32:59 +0300,asmyasnikov
2022-11-18 18:09:10 +0300,asmyasnikov
2022-11-14 10:38:13 +0300,asmyasnikov
2022-11-14 10:29:02 +0300,Aleksey Myasnikov
2022-11-14 10:28:09 +0300,asmyasnikov
2022-11-14 00:17:24 +0300,Aleksey Myasnikov
2022-11-14 00:14:43 +0300,asmyasnikov
2022-11-14 00:13:24 +0300,asmyasnikov
2022-11-14 00:11:10 +0300,asmyasnikov
2022-11-13 23:57:21 +0300,asmyasnikov
2022-11-13 23:56:13 +0300,asmyasnikov
2022-11-13 23:54:56 +0300,asmyasnikov
2022-11-13 23:53:07 +0300,asmyasnikov
2022-11-13 23:51:54 +0300,asmyasnikov
2022-11-13 23:48:44 +0300,asmyasnikov
2022-11-13 23:46:40 +0300,asmyasnikov
2022-11-13 23:44:13 +0300,asmyasnikov
2022-11-13 23:42:36 +0300,asmyasnikov
2022-11-13 23:39:28 +0300,asmyasnikov
2022-11-13 23:36:50 +0300,asmyasnikov
2022-11-13 23:35:37 +0300,asmyasnikov
2022-11-13 23:34:11 +0300,asmyasnikov
2022-11-13 23:33:00 +0300,asmyasnikov
2022-11-13 23:23:23 +0300,asmyasnikov
2022-11-13 22:57:01 +0300,asmyasnikov
2022-11-13 22:55:12 +0300,asmyasnikov
2022-11-09 11:56:47 +0300,asmyasnikov
2022-11-13 22:48:34 +0300,Aleksey Myasnikov
2022-11-13 22:17:23 +0300,spesternikov
2022-10-27 17:45:26 +0300,Aleksey Myasnikov
2022-10-27 17:44:36 +0300,Aleksey Myasnikov
2022-10-03 22:29:43 +0300,asmyasnikov
2022-10-03 11:40:35 +0300,asmyasnikov
2022-09-07 09:14:58 +0300,asmyasnikov
2022-08-19 20:35:06 +0300,asmyasnikov
2022-08-18 19:03:13 +0300,asmyasnikov
2022-08-16 20:42:10 +0300,asmyasnikov
2022-08-16 20:06:39 +0300,asmyasnikov
2022-08-10 08:18:30 +0300,asmyasnikov
2022-05-22 10:38:26 +0300,asmyasnikov
2022-05-16 08:58:07 +0300,asmyasnikov
2022-05-12 12:29:35 +0300,asmyasnikov
2022-05-07 01:35:10 +0300,asmyasnikov
2022-05-05 20:31:38 +0300,asmyasnikov
2022-04-24 10:31:26 +0300,asmyasnikov
2022-04-21 23:38:14 +0300,asmyasnikov
2022-03-25 00:09:18 +0300,asmyasnikov
2022-03-24 23:57:54 +0300,asmyasnikov
2022-03-19 19:44:07 +0300,asmyasnikov
2022-03-16 12:52:33 +0300,asmyasnikov
2022-03-11 15:08:25 +0300,asmyasnikov
2022-03-11 11:56:43 +0300,asmyasnikov
2022-03-10 23:14:30 +0300,asmyasnikov
2022-03-10 20:55:09 +0300,asmyasnikov
2022-03-10 20:05:59 +0300,Aleksey Myasnikov
2022-03-10 19:17:10 +0300,candiduslynx
2022-03-09 16:39:43 +0300,asmyasnikov
2022-02-27 08:46:55 +0300,asmyasnikov
2022-02-26 20:16:12 +0300,asmyasnikov
2022-02-24 16:39:11 +0300,asmyasnikov
2022-02-22 15:42:00 +0300,asmyasnikov
2022-02-21 21:31:23 +0300,asmyasnikov
2022-02-21 17:59:10 +0300,asmyasnikov
2022-02-21 12:18:01 +0300,asmyasnikov
2022-02-16 09:15:59 +0300,asmyasnikov
2022-02-14 17:00:49 +0300,asmyasnikov
2022-02-08 14:33:20 +0300,asmyasnikov
2022-02-08 14:31:11 +0300,asmyasnikov
2022-02-04 15:02:37 +0300,asmyasnikov
2022-02-04 15:00:21 +0300,asmyasnikov
2022-01-17 22:00:13 +0300,asmyasnikov
2022-01-17 19:23:08 +0300,asmyasnikov
2022-01-17 16:39:43 +0300,asmyasnikov
2022-01-17 16:37:50 +0300,asmyasnikov
2022-01-17 14:18:48 +0300,asmyasnikov
2022-01-17 14:17:35 +0300,asmyasnikov
2022-01-04 15:26:27 +0300,asmyasnikov
2022-01-04 15:20:40 +0300,asmyasnikov
2022-01-04 15:15:36 +0300,asmyasnikov
2022-01-04 14:55:29 +0300,asmyasnikov
2021-12-21 18:11:26 +0300,asmyasnikov
2021-12-19 18:10:17 +0300,asmyasnikov
2021-12-19 17:24:04 +0300,asmyasnikov
2021-12-19 17:19:17 +0300,asmyasnikov
2021-12-19 16:06:07 +0300,asmyasnikov
2021-12-16 17:29:47 +0300,asmyasnikov
2021-12-16 16:36:50 +0300,asmyasnikov
2021-12-14 15:12:17 +0300,asmyasnikov
2021-11-23 00:22:04 +0300,asmyasnikov